Date,Teacher,College,Department,Year,Semester,Subject,Roll No,Status
2026-07-28,jinto,St.Mary's Polytechnic College Palakkad,CT,2nd Year,3,it skill,1,Present
2026-07-28,jinto,St.Mary's Polytechnic College Palakkad,CT,2nd Year,3,it skill,2,Present
2026-07-28,jinto,St.Mary's Polytechnic College Palakkad,CT,2nd Year,3,it skill,3,Present
2026-07-28,jinto,St.Mary's Polytechnic College Palakkad,CT,2nd Year,3,it skill,4,Present
2026-07-28,jinto,St.Mary's Polytechnic College Palakkad,CT,2nd Year,3,it skill,5,Present
2026-07-28,jinto,St.Mary's Polytechnic College Palakkad,CT,2nd Year,3,it skill,6,Present
2026-07-28,jinto,St.Mary's Polytechnic College Palakkad,CT,2nd Year,3,it skill,7,Present
2026-07-28,jinto,St.Mary's Polytechnic College Palakkad,CT,2nd Year,3,it skill,8,Present
2026-07-28,jinto,St.Mary's Polytechnic College Palakkad,CT,2nd Year,3,it skill,9,Present
2026-07-28,jinto,St.Mary's Polytechnic College Palakkad,CT,2nd Year,3,it skill,10,Present
2026-07-28,jinto,St.Mary's Polytechnic College Palakkad,CT,2nd Year,3,it skill,11,Present
2026-07-28,jinto,St.Mary's Polytechnic College Palakkad,CT,2nd Year,3,it skill,12,Present
2026-07-28,jinto,St.Mary's Polytechnic College Palakkad,CT,2nd Year,3,it skill,13,Present
2026-07-28,jinto,St.Mary's Polytechnic College Palakkad,CT,2nd Year,3,it skill,14,Absent
2026-07-28,jinto,St.Mary's Polytechnic College Palakkad,CT,2nd Year,3,it skill,15,Present
2026-07-28,jinto,St.Mary's Polytechnic College Palakkad,CT,2nd Year,3,it skill,16,Present
2026-07-28,jinto,St.Mary's Polytechnic College Palakkad,CT,2nd Year,3,it skill,17,Present
2026-07-28,jinto,St.Mary's Polytechnic College Palakkad,CT,2nd Year,3,it skill,18,Present
2026-07-28,jinto,St.Mary's Polytechnic College Palakkad,CT,2nd Year,3,it skill,19,Present
2026-07-28,jinto,St.Mary's Polytechnic College Palakkad,CT,2nd Year,3,it skill,20,Present
2026-07-28,jinto,St.Mary's Polytechnic College Palakkad,CT,2nd Year,3,it skill,21,Absent
2026-07-28,jinto,St.Mary's Polytechnic College Palakkad,CT,2nd Year,3,it skill,22,Present
2026-07-28,jinto,St.Mary's Polytechnic College Palakkad,CT,2nd Year,3,it skill,23,Present
2026-07-28,jinto,St.Mary's Polytechnic College Palakkad,CT,2nd Year,3,it skill,24,Present
2026-07-28,jinto,St.Mary's Polytechnic College Palakkad,CT,2nd Year,3,it skill,25,Present
2026-07-28,jinto,St.Mary's Polytechnic College Palakkad,CT,2nd Year,3,it skill,26,Present
2026-07-28,jinto,St.Mary's Polytechnic College Palakkad,CT,2nd Year,3,it skill,27,Present
2026-07-28,jinto,St.Mary's Polytechnic College Palakkad,CT,2nd Year,3,it skill,28,Present
2026-07-28,jinto,St.Mary's Polytechnic College Palakkad,CT,2nd Year,3,it skill,29,Present
2026-07-28,jinto,St.Mary's Polytechnic College Palakkad,CT,2nd Year,3,it skill,30,Present
2026-07-28,jinto,St.Mary's Polytechnic College Palakkad,CT,2nd Year,3,it skill,31,Present
2026-07-28,jinto,St.Mary's Polytechnic College Palakkad,CT,2nd Year,3,it skill,32,Present
2026-07-28,jinto,St.Mary's Polytechnic College Palakkad,CT,2nd Year,3,it skill,33,Present
2026-07-28,jinto,St.Mary's Polytechnic College Palakkad,CT,2nd Year,3,it skill,34,Present
2026-07-28,jinto,St.Mary's Polytechnic College Palakkad,CT,2nd Year,3,it skill,35,Present
2026-07-28,jinto,St.Mary's Polytechnic College Palakkad,CT,2nd Year,3,it skill,36,Present
2026-07-28,jinto,St.Mary's Polytechnic College Palakkad,CT,2nd Year,3,it skill,37,Present
2026-07-28,jinto,St.Mary's Polytechnic College Palakkad,CT,2nd Year,3,it skill,38,Present
2026-07-28,jinto,St.Mary's Polytechnic College Palakkad,CT,2nd Year,3,it skill,39,Present
2026-07-28,jinto,St.Mary's Polytechnic College Palakkad,CT,2nd Year,3,it skill,40,Present
2026-07-28,jinto,St.Mary's Polytechnic College Palakkad,CT,2nd Year,3,it skill,41,Present
2026-07-28,jinto,St.Mary's Polytechnic College Palakkad,CT,2nd Year,3,it skill,42,Present
2026-07-28,jinto,St.Mary's Polytechnic College Palakkad,CT,2nd Year,3,it skill,43,Present
2026-07-28,jinto,St.Mary's Polytechnic College Palakkad,CT,2nd Year,3,it skill,44,Present
2026-07-28,jinto,St.Mary's Polytechnic College Palakkad,CT,2nd Year,3,it skill,45,Present
2026-07-28,jinto,St.Mary's Polytechnic College Palakkad,CT,2nd Year,3,it skill,46,Present
2026-07-28,jinto,St.Mary's Polytechnic College Palakkad,CT,2nd Year,3,it skill,47,Present
2026-07-28,jinto,St.Mary's Polytechnic College Palakkad,CT,2nd Year,3,it skill,48,Present
2026-07-28,jinto,St.Mary's Polytechnic College Palakkad,CT,2nd Year,3,it skill,49,Present
2026-07-28,jinto,St.Mary's Polytechnic College Palakkad,CT,2nd Year,3,it skill,50,Present
2026-07-28,jinto,St.Mary's Polytechnic College Palakkad,CT,2nd Year,3,it skill,51,Present
2026-07-28,jinto,St.Mary's Polytechnic College Palakkad,CT,2nd Year,3,it skill,52,Present
2026-07-28,jinto,St.Mary's Polytechnic College Palakkad,CT,2nd Year,3,it skill,53,Present
2026-07-28,jinto,St.Mary's Polytechnic College Palakkad,CT,2nd Year,3,it skill,54,Present
2026-07-28,jinto,St.Mary's Polytechnic College Palakkad,CT,2nd Year,3,it skill,55,Present
2026-07-28,jinto,St.Mary's Polytechnic College Palakkad,CT,2nd Year,3,it skill,56,Present
2026-07-28,jinto,St.Mary's Polytechnic College Palakkad,CT,2nd Year,3,it skill,57,Present
2026-07-28,jinto,St.Mary's Polytechnic College Palakkad,CT,2nd Year,3,it skill,58,Present
